<?xml version="1.0" encoding="UTF-8"?>
<ListUsers>

	<user user_id="373636" status="online">
	  <firstname>Claude</firstname>
	  <lastname>Speed</lastname>
	  <nickname>claude_02</nickname>
	  <email>claude.sa@example.com</email>
	  <phone>111-22-33-44</phone>
	  <image href="photo_user.jpg">
	</user>

  <user user_id="107589" status="offline">
	  <firstname>Martha</firstname>
	  <lastname>Edwards</lastname>
	  <nickname>marthaed</nickname>
	  <email>martha@example.com</email>
	</user>

</ListUsers>